filename,status,n_vertices,n_faces,n_edges,euler,z_min,z_max,z_range,x_range,y_range
01FundoMar.ts,ok,455081,910053,1365133,1,-2252.501953125,-375.94635009765625,1876.5556030273438,37450.0,47900.0
01_FMar.ts,ok,48000,95776,143775,1,105.0158462524414,2251.843017578125,2146.8271713256836,50200.03125,39900.0
01_Topo.ts,ok,2437,4818,7254,1,707.615478515625,1086.7119140625,379.096435546875,10750.0,9500.0
01_fundo_mar.ts,ok,4,2,5,1,1810.0,1810.0,0.0,5000.0,5000.0
02TopoMioceno.ts,ok,443782,887351,1331132,1,-3032.14892578125,-1538.703125,1493.44580078125,45100.0,42750.0
02_Horizonte1.ts,ok,2442,4815,7256,1,1047.439697265625,1272.15234375,224.712646484375,10800.0,9500.0
02_MCinza.ts,ok,48000,95815,143814,1,673.8037719726562,2397.079345703125,1723.2755737304688,50200.0,39900.0
02_marco_branco.ts,ok,4,2,5,1,2610.0,2610.0,0.0,5000.0,5000.0
03TopoOligoMioceno.ts,ok,230587,461042,691628,1,-3006.326171875,-2509.11767578125,497.20849609375,29950.0,31600.0
03_Horizonte2.ts,ok,2436,4827,7262,1,1707.5008544921875,2483.582763671875,776.0819091796875,10800.0,9500.0
03_MBranco.ts,ok,48000,95680,143679,1,1164.2520751953125,2778.949951171875,1614.6978759765625,50200.0,39900.0
04BaseOligoMioceno.ts,ok,110240,220419,330658,1,-3154.486572265625,-2681.1181640625,473.368408203125,21500.0,22750.0
04_Horizonte3.ts,ok,2431,4821,7251,1,2620.685302734375,2863.309814453125,242.62451171875,10750.0,9500.0
04_marco_azul.ts,ok,4,2,5,1,3035.0,3035.0,0.0,5000.0,5000.0
05_Horizonte4.ts,ok,2398,4739,7136,1,2691.773681640625,3150.864013671875,459.09033203125,10750.0,9500.0
05_TopoCretaceo.ts,ok,48000,95687,143686,1,2650.429931640625,4574.404296875,1923.974365234375,50250.03125,39950.0
05_embasamento.ts,ok,4,2,5,1,3835.0,3835.0,0.0,5000.0,5000.0
06TopoCretaceoSuperior.ts,ok,412260,824430,1236689,1,-4479.73095703125,-2506.0966796875,1973.63427734375,44950.0,42900.0
06_Horizonte5.ts,ok,2444,4826,7269,1,3659.458740234375,4729.53857421875,1070.079833984375,10750.0,9500.0
07TopoCenomaniano.ts,ok,165265,330426,495690,1,-5379.513671875,-3230.693603515625,2148.820068359375,24250.0,27400.0
07_BaseSal.ts,ok,48000,95783,143782,1,3985.92919921875,5591.37548828125,1605.4462890625,50200.0,39900.0
07_Horizonte6.ts,ok,2426,4795,7220,1,4505.025390625,4860.56396484375,355.53857421875,10750.0,9500.0
08_BaseAlagoas.ts,ok,48000,95794,143793,1,4055.579345703125,6037.31884765625,1981.739501953125,50200.0,39900.0
08_Horizonte7.ts,ok,2426,4808,7233,1,4880.146484375,5363.75341796875,483.60693359375,10800.0,9500.0
09TopoAlbianoMedio.ts,ok,31378,62633,94010,1,-4978.19775390625,-3709.794921875,1268.40283203125,11800.0,9600.0
09_Horizonte8.ts,ok,2386,4728,7113,1,5498.34765625,6535.81494140625,1037.46728515625,10800.0,9500.0
09_TopoEmbasamento.ts,ok,48000,95817,143816,1,4548.5458984375,6933.5,2384.9541015625,50200.0,39900.0
10_Base.ts,ok,2417,4782,7198,1,7000.0,7000.0,0.0,10800.0,9500.0
10_BaseModelo.ts,ok,48000,95799,143798,1,7000.0,7000.0,0.0,50200.0,39900.0
15TopoSal.ts,ok,195059,390017,585075,1,-5460.34619140625,-3333.796875,2126.54931640625,28650.0,29700.0
16TopoAndarAlagoas.ts,ok,191977,383846,575822,1,-5721.9697265625,-4315.62353515625,1406.34619140625,28350.0,29500.0
17TopoAndarJiquia.ts,ok,673793,1346917,2020709,1,-6005.5986328125,-4379.5927734375,1626.005859375,50200.0,52050.0
18TopoEmbasamento.ts,ok,610721,1221336,1832056,1,-6071.8662109375,-4622.31396484375,1449.55224609375,48300.0,50350.0
BASE2.ts,ok,9976,19404,29379,1,4200.0,4200.0,0.0,23189.0,4290.0
Base.ts,ok,3984,7700,11563,121,6000.0,6000.0,0.0,9441.0,7930.0
FUNDO_DO_MAR.ts,ok,9976,19404,29379,1,2006.955078125,3230.445068359375,1223.489990234375,23189.0,4290.0
FundoMar.ts,ok,8000,7698,11561,4137,200.0,200.0,0.0,9441.0,7883.5
Horizon1-OutSpace.ts,ok,10000,19602,29601,1,1269.722412109375,1963.49267578125,693.770263671875,18882.0,15860.0
Horizon2-OutSpace.ts,ok,10000,19602,29601,1,1769.722412109375,2463.49267578125,693.770263671875,18882.0,15860.0
Horizon3-OutSpace.ts,ok,10000,19602,29601,1,2269.722412109375,2963.49267578125,693.770263671875,18882.0,15860.0
Horizon4-OutSpace.ts,ok,10000,19602,29601,1,3169.722412109375,3863.49267578125,693.770263671875,18882.0,15860.0
Horizon5-OutSpace.ts,ok,40000,79202,119201,1,3769.722412109375,4463.49267578125,693.770263671875,18882.0,15860.0
Horizonte1.ts,ok,9604,18818,28421,1,1069.1259765625,1385.410888671875,316.284912109375,3683.804443359375,3451.6986083984375
Horizonte2.ts,ok,9604,18818,28421,1,1769.1259765625,2085.41064453125,316.28466796875,3683.804443359375,3451.6986083984375
Horizonte3.ts,ok,9604,18818,28421,1,2469.1259765625,2785.41064453125,316.28466796875,3683.804443359375,3451.6986083984375
Horizonte3_Base.ts,ok,8000,7698,11561,4137,2552.360107421875,3031.360107421875,479.0,9441.0,7883.5
Horizonte4.ts,ok,9604,18818,28421,1,2769.1259765625,3085.41064453125,316.28466796875,3683.804443359375,3451.6986083984375
Horizonte5.ts,ok,9652,19252,28903,1,3668.679443359375,3687.074951171875,18.3955078125,4075.771484375,3707.240234375
TestHorizon1.ts,ok,2436,4827,7262,1,1707.5008544921875,2483.582763671875,776.0819091796875,10800.0,9500.0
TestHorizon10.ts,ok,2436,4827,7262,1,4137.5009765625,4913.5830078125,776.08203125,10800.0,9500.0
TestHorizon2.ts,ok,2436,4827,7262,1,1977.5008544921875,2753.582763671875,776.0819091796875,10800.0,9500.0
TestHorizon3.ts,ok,2436,4827,7262,1,2247.500732421875,3023.582763671875,776.08203125,10800.0,9500.0
TestHorizon4.ts,ok,2436,4827,7262,1,2517.500732421875,3293.582763671875,776.08203125,10800.0,9500.0
TestHorizon5.ts,ok,2436,4827,7262,1,2787.500732421875,3563.582763671875,776.08203125,10800.0,9500.0
TestHorizon6.ts,ok,2436,4827,7262,1,3057.500732421875,3833.582763671875,776.08203125,10800.0,9500.0
TestHorizon7.ts,ok,2436,4827,7262,1,3327.500732421875,4103.5830078125,776.082275390625,10800.0,9500.0
TestHorizon8.ts,ok,2436,4827,7262,1,3597.500732421875,4373.5830078125,776.082275390625,10800.0,9500.0
TestHorizon9.ts,ok,2436,4827,7262,1,3867.500732421875,4643.5830078125,776.082275390625,10800.0,9500.0
horizonte0-utm.ts,ok,4284,8542,12825,1,0.00642010010778904,20.70400047302246,20.697580372914672,1593.4375,1591.0
horizonte1-utm.ts,ok,4464,8898,13361,1,79.41100311279297,95.46800231933594,16.05699920654297,1636.75,1634.0
horizonte2-utm.ts,ok,5081,10137,15217,1,387.6499938964844,441.489990234375,53.839996337890625,1731.5,1726.0
horizonte3-utm.ts,ok,1957,3890,5846,1,500.0,500.0,0.0,1507.125,1508.0
horizonte6.ts,ok,9652,19252,28903,1,4168.67919921875,4187.0751953125,18.39599609375,4075.771484375,3707.240234375
horizonte7.ts,ok,9652,19252,28903,1,5168.67919921875,5187.0751953125,18.39599609375,4075.771484375,3707.240234375
